﻿<?xml version="1.0" encoding="utf-8"?>
<publishData>
  <publishProfile publishUrl="D:\Demo App\PublishTestApplication06122018" deleteExistingFiles="False" ftpAnonymousLogin="False" ftpPassiveMode="True" msdeploySite="" msdeploySiteID="" msdeployRemoteSitePhysicalPath="" msdeployAllowUntrustedCertificate="False" msdeploySkipExtraFilesOnServer="True" msdeployMarkAsApp="False" profileName="Profile1" publishMethod="FileSystem" replaceMatchingFiles="True" userName="" savePWD="False" userPWD="" SelectedForPublish="True">
    <file relUrl="Scripts/jquery-1.4.1.min.js" publishTime="12/06/2018 11:20:05" />
    <file relUrl="bin/ReadWrite.dll" publishTime="12/06/2018 14:44:02" />
    <file relUrl="bin/ReadWrite.pdb" publishTime="12/06/2018 14:44:02" />
    <file relUrl="Web.config" publishTime="12/06/2018 14:44:06" />
    <file relUrl="Styles/Site.css" publishTime="12/06/2018 11:20:05" />
    <file relUrl="Scripts/jquery-1.4.1-vsdoc.js" publishTime="12/06/2018 11:20:05" />
    <file relUrl="Global.asax" publishTime="12/06/2018 11:20:05" />
    <file relUrl="Scripts/jquery-1.4.1.js" publishTime="12/06/2018 11:20:05" />
    <file relUrl="ReadWrite.aspx" publishTime="12/06/2018 12:08:20" />
  </publishProfile>
</publishData>